Taxid	Assembly	GCT	GCC	GCA	GCG	TTA	TTG	CTT	CTC	CTA	CTG	CGT	CGC	CGA	CGG	AGA	AGG	AAA	AAG	AAT	AAC	ATG	GAT	GAC	TTT	TTC	TGT	TGC	CCT	CCC	CCA	CCG	CAA	CAG	TCT	TCC	TCA	TCG	AGT	AGC	GAA	GAG	ACT	ACC	ACA	ACG	GGT	GGC	GGA	GGG	TGG	CAT	CAC	TAT	TAC	ATT	ATC	ATA	GTT	GTC	GTA	GTG	TAA	TGA	TAG
521	GCF_000813405.1	0.11	0.5	0.09	0.31	0.02	0.18	0.07	0.15	0.03	0.56	0.2	0.57	0.04	0.15	0.01	0.03	0.36	0.64	0.43	0.57	1.0	0.46	0.54	0.37	0.63	0.2	0.8	0.15	0.38	0.06	0.42	0.3	0.7	0.08	0.2	0.05	0.27	0.07	0.33	0.49	0.51	0.07	0.5	0.07	0.36	0.16	0.66	0.06	0.12	1.0	0.53	0.47	0.52	0.48	0.25	0.7	0.05	0.1	0.34	0.06	0.5	0.25	0.64	0.11
521	GCF_003350095.1	0.11	0.5	0.09	0.31	0.02	0.17	0.07	0.15	0.03	0.56	0.2	0.57	0.04	0.15	0.01	0.03	0.36	0.64	0.43	0.57	1.0	0.46	0.54	0.37	0.63	0.2	0.8	0.15	0.38	0.06	0.41	0.3	0.7	0.08	0.2	0.05	0.27	0.06	0.34	0.49	0.51	0.08	0.5	0.07	0.36	0.16	0.66	0.06	0.12	1.0	0.53	0.47	0.52	0.48	0.25	0.7	0.05	0.1	0.34	0.06	0.5	0.26	0.64	0.1
521	GCF_003579935.1	0.11	0.5	0.09	0.31	0.01	0.17	0.07	0.15	0.03	0.56	0.2	0.57	0.04	0.15	0.01	0.03	0.35	0.65	0.43	0.57	1.0	0.46	0.54	0.36	0.64	0.19	0.81	0.14	0.38	0.07	0.42	0.3	0.7	0.08	0.2	0.05	0.27	0.06	0.34	0.49	0.51	0.07	0.5	0.07	0.36	0.16	0.66	0.06	0.13	1.0	0.52	0.48	0.51	0.49	0.25	0.7	0.05	0.1	0.34	0.06	0.5	0.25	0.64	0.1
521	GCF_003579945.1	0.11	0.5	0.09	0.31	0.02	0.17	0.07	0.15	0.03	0.56	0.2	0.57	0.04	0.15	0.01	0.03	0.36	0.64	0.43	0.57	1.0	0.46	0.54	0.37	0.63	0.2	0.8	0.15	0.38	0.06	0.41	0.3	0.7	0.08	0.2	0.05	0.27	0.06	0.34	0.49	0.51	0.08	0.5	0.07	0.36	0.16	0.66	0.06	0.13	1.0	0.53	0.47	0.52	0.48	0.25	0.7	0.05	0.1	0.34	0.06	0.5	0.26	0.64	0.1
521	GCF_003579985.1	0.11	0.5	0.09	0.31	0.02	0.18	0.06	0.15	0.03	0.56	0.2	0.57	0.04	0.15	0.01	0.03	0.36	0.64	0.43	0.57	1.0	0.46	0.54	0.37	0.63	0.2	0.8	0.15	0.38	0.06	0.41	0.3	0.7	0.08	0.2	0.05	0.27	0.07	0.34	0.49	0.51	0.07	0.5	0.07	0.36	0.16	0.66	0.06	0.12	1.0	0.53	0.47	0.52	0.48	0.25	0.7	0.05	0.1	0.34	0.06	0.5	0.25	0.64	0.1
521	GCF_003579995.1	0.11	0.5	0.09	0.3	0.02	0.17	0.07	0.15	0.03	0.56	0.2	0.57	0.04	0.15	0.01	0.03	0.36	0.64	0.43	0.57	1.0	0.46	0.54	0.36	0.64	0.19	0.81	0.15	0.37	0.06	0.42	0.31	0.69	0.08	0.2	0.05	0.27	0.06	0.34	0.49	0.51	0.08	0.49	0.07	0.36	0.16	0.66	0.06	0.13	1.0	0.52	0.48	0.51	0.49	0.25	0.7	0.05	0.1	0.34	0.06	0.49	0.26	0.63	0.11
521	GCF_003580025.1	0.11	0.5	0.09	0.31	0.01	0.17	0.07	0.15	0.03	0.56	0.2	0.57	0.04	0.15	0.01	0.03	0.35	0.65	0.43	0.57	1.0	0.46	0.54	0.36	0.64	0.19	0.81	0.14	0.38	0.06	0.42	0.3	0.7	0.08	0.2	0.05	0.28	0.06	0.34	0.49	0.51	0.07	0.5	0.07	0.36	0.16	0.66	0.06	0.13	1.0	0.52	0.48	0.51	0.49	0.25	0.71	0.05	0.1	0.34	0.06	0.5	0.25	0.64	0.1
521	GCF_003580035.1	0.11	0.5	0.09	0.3	0.02	0.17	0.07	0.15	0.03	0.56	0.2	0.57	0.04	0.15	0.01	0.03	0.35	0.65	0.43	0.57	1.0	0.46	0.54	0.36	0.64	0.19	0.81	0.14	0.38	0.06	0.42	0.3	0.7	0.08	0.2	0.05	0.27	0.06	0.34	0.49	0.51	0.07	0.5	0.07	0.36	0.16	0.66	0.06	0.13	1.0	0.52	0.48	0.51	0.49	0.25	0.7	0.05	0.1	0.34	0.06	0.5	0.26	0.64	0.1
521	GCF_003580065.1	0.11	0.5	0.09	0.31	0.02	0.18	0.06	0.15	0.03	0.56	0.2	0.57	0.04	0.15	0.01	0.03	0.36	0.64	0.43	0.57	1.0	0.46	0.54	0.37	0.63	0.2	0.8	0.15	0.38	0.06	0.42	0.3	0.7	0.08	0.2	0.05	0.27	0.07	0.34	0.49	0.51	0.07	0.5	0.07	0.36	0.16	0.66	0.06	0.12	1.0	0.53	0.47	0.52	0.48	0.25	0.7	0.05	0.1	0.34	0.06	0.5	0.26	0.64	0.1
521	GCF_003580085.1	0.11	0.5	0.09	0.31	0.01	0.17	0.06	0.15	0.03	0.57	0.2	0.57	0.04	0.15	0.01	0.03	0.35	0.65	0.43	0.57	1.0	0.46	0.54	0.36	0.64	0.19	0.81	0.14	0.38	0.06	0.42	0.3	0.7	0.07	0.2	0.05	0.28	0.06	0.34	0.49	0.51	0.07	0.5	0.07	0.36	0.16	0.66	0.06	0.12	1.0	0.52	0.48	0.51	0.49	0.25	0.71	0.05	0.1	0.34	0.06	0.5	0.25	0.65	0.1
521	GCF_003580095.1	0.11	0.5	0.09	0.31	0.01	0.17	0.07	0.15	0.03	0.56	0.2	0.57	0.04	0.15	0.01	0.03	0.35	0.65	0.43	0.57	1.0	0.46	0.54	0.36	0.64	0.19	0.81	0.14	0.38	0.06	0.42	0.3	0.7	0.08	0.2	0.05	0.28	0.06	0.34	0.49	0.51	0.07	0.5	0.07	0.36	0.16	0.66	0.06	0.13	1.0	0.52	0.48	0.51	0.49	0.25	0.7	0.05	0.1	0.34	0.06	0.5	0.25	0.64	0.1
521	GCF_003581265.1	0.11	0.5	0.09	0.31	0.02	0.17	0.07	0.15	0.03	0.56	0.2	0.57	0.04	0.15	0.01	0.03	0.36	0.64	0.43	0.57	1.0	0.46	0.54	0.37	0.63	0.2	0.8	0.15	0.38	0.06	0.41	0.3	0.7	0.08	0.2	0.05	0.27	0.06	0.34	0.49	0.51	0.08	0.5	0.07	0.36	0.16	0.66	0.06	0.13	1.0	0.53	0.47	0.52	0.48	0.25	0.7	0.05	0.1	0.34	0.06	0.5	0.26	0.64	0.1
521	GCF_003581285.1	0.11	0.5	0.09	0.31	0.01	0.17	0.07	0.15	0.03	0.56	0.2	0.57	0.04	0.15	0.01	0.03	0.35	0.65	0.43	0.57	1.0	0.46	0.54	0.36	0.64	0.19	0.81	0.14	0.38	0.06	0.42	0.3	0.7	0.08	0.2	0.05	0.28	0.06	0.34	0.49	0.51	0.07	0.5	0.07	0.36	0.16	0.66	0.06	0.13	1.0	0.52	0.48	0.51	0.49	0.25	0.7	0.05	0.1	0.34	0.06	0.5	0.25	0.64	0.1
521	GCF_003581305.1	0.11	0.5	0.09	0.31	0.02	0.17	0.07	0.15	0.03	0.56	0.2	0.57	0.04	0.15	0.01	0.03	0.36	0.64	0.43	0.57	1.0	0.46	0.54	0.37	0.63	0.2	0.8	0.15	0.38	0.06	0.42	0.31	0.69	0.08	0.2	0.05	0.27	0.06	0.34	0.49	0.51	0.07	0.5	0.07	0.36	0.16	0.66	0.06	0.12	1.0	0.53	0.47	0.52	0.48	0.25	0.7	0.05	0.1	0.34	0.06	0.5	0.26	0.64	0.1
521	GCF_003581325.1	0.11	0.49	0.09	0.31	0.02	0.17	0.07	0.15	0.03	0.56	0.2	0.57	0.04	0.15	0.01	0.03	0.36	0.64	0.43	0.57	1.0	0.46	0.54	0.36	0.64	0.19	0.81	0.15	0.37	0.06	0.42	0.3	0.7	0.08	0.2	0.05	0.27	0.06	0.34	0.49	0.51	0.08	0.5	0.07	0.36	0.16	0.66	0.06	0.13	1.0	0.52	0.48	0.51	0.49	0.25	0.7	0.05	0.1	0.34	0.06	0.49	0.26	0.64	0.1
521	GCF_003581345.1	0.11	0.5	0.09	0.31	0.02	0.18	0.07	0.15	0.03	0.56	0.2	0.57	0.04	0.15	0.01	0.03	0.36	0.64	0.43	0.57	1.0	0.46	0.54	0.37	0.63	0.2	0.8	0.15	0.38	0.06	0.42	0.3	0.7	0.08	0.2	0.05	0.27	0.07	0.34	0.49	0.51	0.07	0.5	0.07	0.36	0.16	0.66	0.06	0.12	1.0	0.53	0.47	0.52	0.48	0.25	0.7	0.05	0.1	0.34	0.06	0.5	0.25	0.64	0.11
521	GCF_003581365.1	0.11	0.5	0.08	0.31	0.02	0.18	0.06	0.15	0.03	0.56	0.2	0.57	0.04	0.15	0.01	0.03	0.36	0.64	0.43	0.57	1.0	0.46	0.54	0.37	0.63	0.2	0.8	0.15	0.38	0.06	0.42	0.3	0.7	0.08	0.2	0.05	0.27	0.06	0.34	0.49	0.51	0.07	0.5	0.07	0.36	0.16	0.66	0.06	0.12	1.0	0.53	0.47	0.52	0.48	0.25	0.7	0.05	0.1	0.34	0.06	0.5	0.26	0.64	0.1
521	GCF_003581385.1	0.11	0.5	0.09	0.31	0.02	0.17	0.07	0.15	0.03	0.56	0.2	0.57	0.04	0.15	0.01	0.03	0.36	0.64	0.43	0.57	1.0	0.46	0.54	0.37	0.63	0.2	0.8	0.15	0.38	0.06	0.41	0.3	0.7	0.08	0.2	0.05	0.27	0.06	0.34	0.49	0.51	0.08	0.5	0.07	0.36	0.16	0.66	0.06	0.13	1.0	0.53	0.47	0.52	0.48	0.25	0.7	0.05	0.1	0.34	0.06	0.5	0.26	0.64	0.1
521	GCF_003581405.1	0.11	0.5	0.09	0.31	0.02	0.17	0.07	0.15	0.03	0.56	0.2	0.57	0.04	0.15	0.01	0.03	0.36	0.64	0.43	0.57	1.0	0.46	0.54	0.37	0.63	0.2	0.8	0.15	0.38	0.06	0.42	0.3	0.7	0.08	0.2	0.05	0.27	0.06	0.34	0.49	0.51	0.08	0.49	0.07	0.36	0.16	0.66	0.06	0.13	1.0	0.53	0.47	0.52	0.48	0.25	0.7	0.05	0.1	0.34	0.06	0.5	0.26	0.64	0.1
521	GCF_004009615.1	0.11	0.49	0.09	0.31	0.02	0.17	0.07	0.15	0.03	0.56	0.2	0.57	0.04	0.15	0.01	0.03	0.36	0.64	0.44	0.56	1.0	0.46	0.54	0.37	0.63	0.2	0.8	0.15	0.38	0.06	0.41	0.3	0.7	0.08	0.2	0.05	0.27	0.07	0.34	0.49	0.51	0.07	0.49	0.07	0.36	0.16	0.66	0.06	0.13	1.0	0.52	0.48	0.51	0.49	0.25	0.7	0.05	0.1	0.34	0.06	0.5	0.25	0.64	0.1
521	GCF_004009755.1	0.11	0.5	0.09	0.31	0.02	0.18	0.07	0.15	0.03	0.56	0.2	0.57	0.04	0.15	0.01	0.03	0.35	0.65	0.43	0.57	1.0	0.46	0.54	0.36	0.64	0.2	0.8	0.14	0.38	0.06	0.42	0.3	0.7	0.08	0.2	0.05	0.27	0.07	0.34	0.5	0.5	0.07	0.49	0.07	0.36	0.16	0.66	0.06	0.13	1.0	0.52	0.48	0.51	0.49	0.25	0.7	0.05	0.1	0.34	0.06	0.5	0.25	0.64	0.1
521	GCF_900445835.1	0.11	0.5	0.09	0.31	0.02	0.17	0.07	0.15	0.03	0.56	0.2	0.57	0.04	0.15	0.01	0.03	0.36	0.64	0.43	0.57	1.0	0.46	0.54	0.37	0.63	0.2	0.8	0.15	0.38	0.06	0.41	0.31	0.69	0.08	0.2	0.05	0.27	0.06	0.34	0.49	0.51	0.08	0.49	0.07	0.36	0.16	0.66	0.06	0.13	1.0	0.52	0.48	0.51	0.49	0.25	0.7	0.05	0.1	0.34	0.07	0.5	0.26	0.64	0.1
